title,genre,band,reach,branded,f10,f20,f30,f40,f50,f60,m10,m20,m30,m40,m50,m60,cast_info
취사병 전설이 되다,드라마,초대형,100,0,87,100,101,106,107,94,87,94,102,108,104,72,박지훈|윤경호|한동희|이홍내|이상이
2026 신한 SOL뱅크 KBO 리그,스포츠,초대형,100,0,93,107,75,72,66,55,153,151,109,122,137,153,
신입사원 강회장,드라마,초대형,100,0,57,86,98,118,144,130,43,68,95,114,126,99,이준영|손현주|이주명|전혜진|진구
허수아비,드라마,초대형,99,0,51,98,120,120,123,110,32,63,97,107,101,74,류해준|전재홍|김은우|박해수|이희준|곽선영|송건희|서지혜|정문성|백현진
은밀한 감사,드라마,대형,99,0,68,102,111,131,145,123,34,56,76,97,110,89,신혜선|공명|김재욱|홍화연
오십프로,드라마,대형,99,0,48,79,89,124,156,139,37,59,86,130,159,116,한지은|김상호|현봉식|신동미|김채은|신하균|오정세|허성태|김상경|김신록|권율|이학주
언더커버셰프,예능,대형,99,0,56,102,130,107,101,90,35,64,105,104,88,62,샘킴|정지선|권성준
꽃보다 청춘: 리미티드 에디션,예능,대형,99,0,36,84,139,125,108,94,22,44,96,110,87,55,정유미|박서준|최우식
콩콩팜팜,예능,대형,98,0,62,131,148,100,84,68,23,57,101,84,60,37,이광수|김우빈|도경수
나 혼자 산다,예능,대형,98,0,39,84,145,136,102,91,27,45,101,112,69,43,코드쿤스트|이주승|전현무|기안84
유 퀴즈 온 더 블럭,예능,대형,98,0,40,71,116,131,119,113,79,78,100,110,89,69,유재석
구기동 프렌즈,예능,대형,98,0,44,97,142,127,108,87,21,44,95,100,75,48,경수진|장도연|이다희|최다니엘|장근석|안재현
하트시그널 시즌5,예능,대형,97,0,92,135,115,101,94,74,43,98,95,80,72,48,윤종신|이상민|김이나|로이킴|츠키
냉장고를 부탁해 since 2014,예능,중형,97,0,56,113,130,105,101,91,25,61,107,99,77,51,최강록|이미영|박은영|김성주|안정환|이연복|최현석|김풍|정호영|에드워드리
놀면 뭐하니?,예능,중형,97,0,31,72,142,123,75,77,22,45,126,135,75,46,유재석|하하|허경환|주우재
나는 SOLO,예능,중형,97,0,41,107,145,108,90,87,21,52,111,102,77,63,데프콘|송해나|이이경
킬잇 : 스타일 크리에이터 대전쟁,예능,중형,97,0,117,130,138,115,104,89,30,51,81,79,69,56,장윤주|이종원|연준|차정원|신현지|안아름|양갱
이혼숙려캠프,예능,중형,96,0,51,101,129,126,118,109,28,53,97,107,82,59,서장훈|박하선|진태현
2026 KBO 팬덤중계,스포츠,중형,96,0,92,97,64,73,61,51,215,172,115,134,135,141,
소라와 진경,예능,중형,96,0,56,81,125,175,149,115,26,34,65,97,82,53,이소라|홍진경
UFC,스포츠,중형,96,0,36,61,57,45,52,51,364,270,189,105,85,77,
전지적 참견 시점,예능,중형,96,0,68,88,121,144,119,104,35,48,85,118,84,53,이영자|전현무|송은이|양세형|유병재|홍현희
유미의 세포들 시즌3,드라마,중형,95,0,98,143,146,122,103,74,30,52,72,66,58,39,김고은|김재원|전석호
이호선 상담소,예능,중형,95,0,45,84,107,160,192,181,30,44,66,95,101,82,이호선|장영란|인교진
연애기숙학교 돌싱N모솔,예능,중형,95,0,43,97,125,99,76,79,38,78,132,120,83,60,채정안|김풍|넉살
"나는 SOLO, 그후 사랑은 계속된다",예능,중형,95,0,29,86,144,119,99,103,16,41,107,117,90,76,데프콘|경리|정혜성
벌거벗은 세계사,예능,중형,94,0,37,60,94,145,140,155,29,42,81,146,145,125,은지원|영탁|이미주
아는 형님,예능,중형,94,0,87,76,87,121,110,112,73,73,108,140,104,74,강호동|이수근|서장훈|김영철|민경훈|이상민|김희철|신동
명탐정 코난 24기 (더빙),애니메이션,중형,94,0,134,186,107,102,102,68,76,95,64,68,66,37,김선혜|강수진|이현진|이정구
놀라운 토요일,예능,중형,94,0,101,106,120,122,100,85,31,44,89,115,80,49,한해|피오|영케이|붐|신동엽|김동현|문세윤|넉살|태연
JTBC news NOW,교양,중형,94,0,33,61,77,116,135,119,45,54,83,151,199,199,
선재 업고 튀어,드라마,소형,93,0,135,102,113,160,139,111,65,49,62,87,77,50,서혜원|김원해|안상우|변우석|김혜윤|송건희|이승협 (J.DON)|정영주|성병숙|송지호
첫 번째 남자,드라마,소형,93,0,61,96,99,124,195,279,39,63,69,87,121,162,정소영|김학선|이기창|이효정|김영필|이재황|정찬|함은정|오현경|윤선우|박건일|김민설
언니네 산지직송 in 칼라페,예능,소형,93,0,37,108,149,116,99,87,19,45,94,96,74,52,염정아|박준면|덱스|김혜윤
친애하는 X,드라마,소형,93,0,96,104,92,130,171,170,55,69,73,108,142,127,김유정|김영대|김도훈|이열음
2026 메디힐 KBO 퓨처스리그,스포츠,소형,93,0,103,103,80,99,89,78,152,109,87,120,141,182,
오은영 리포트 - 결혼 지옥,예능,소형,92,0,49,77,136,158,129,128,29,41,88,110,76,54,소유진|장동민|문세윤|박지민|오은영
WANNA ONE GO : Back to Base,예능,소형,92,0,300,183,108,122,106,81,48,43,42,58,62,39,Wanna One(워너원)
백일제등,드라마,소형,92,0,51,75,70,156,286,354,25,41,49,86,150,183,디리러바|천페이위|웨이저밍|장리
전생했더니 슬라임이었던 건에 대하여 4기,애니메이션,소형,92,0,50,67,71,90,71,72,87,120,163,187,137,40,오카사키 미호|마에노 토모아키|토요구치 메구미
극장판 짱구는 못말려: 초화려! 작열하는 떡잎마을 댄서즈,애니메이션,소형,91,0,208,210,92,71,60,46,156,141,82,66,53,31,박영남|소연|김환진|정유정
극장판 짱구는 못말려: 초화려! 작열하는 떡잎마을 댄서즈,애니메이션,소형,91,0,208,210,92,71,60,46,156,141,82,66,53,31,코바야시 유미코|나라하시 미키|모리카와 토시유키|사토 치에
2025 신한 SOL뱅크 KBO리그,스포츠,소형,91,0,76,82,70,96,83,81,133,97,91,148,179,266,
탐정들의 영업비밀,예능,소형,91,0,40,99,139,146,147,178,22,44,72,84,75,82,데프콘|유인나|김풍|남성태
이세계 유유자적 농가 2,애니메이션,소형,91,0,38,67,71,98,77,77,71,106,144,196,157,45,아베 아츠시|시모지 시노|스자키 아야
최후의 인류,교양,소형,91,0,52,82,109,119,125,126,32,52,99,135,123,79,유승호|이은지|비비|장동선|이낙준|장홍제|김한결
개와 늑대의 시간 2,예능,소형,90,0,72,121,129,131,108,107,28,50,82,96,76,65,김성주|강형욱
짱구는 못말려 25,애니메이션,소형,90,0,202,210,109,73,59,54,113,110,80,64,49,31,박영남|김환진|소연|여민정|정유미
스트릿 레스토랑 파이터,예능,소형,90,0,36,82,123,111,105,101,29,60,115,115,95,62,이연복|정호영|에드워드 권|홍석천|김호윤
유미의 세포들 시즌2,드라마,소형,90,0,111,157,142,122,100,68,26,54,71,65,58,39,김고은|박진영|안보현|이유비
용감한 형사들 5,예능,소형,90,0,42,87,123,173,174,181,21,38,64,94,82,68,안정환|곽선영|윤두준|권일용
어서와~ 한국은 처음이지?,예능,소형,89,0,33,81,112,137,163,152,23,41,75,120,134,91,김준현|딘딘
유미의 세포들,드라마,소형,89,0,122,151,130,118,102,73,37,63,74,74,69,43,김고은|안보현|이유진|박지현
유미의 세포들,드라마,소형,89,0,122,151,130,118,102,73,37,63,74,74,69,43,김고은|안보현|이유비|박지현
히든아이,교양,소형,89,0,43,65,100,178,178,178,26,40,70,127,113,81,이대우|김성주|박하선|김동현|표창원|권일용
큰일날 때까지 결혼,애니메이션,소형,89,0,105,108,81,110,108,74,98,101,103,147,141,54,시라이 케이|카가미 미오|유리모토 하나
한문철의 블랙박스 리뷰,교양,소형,88,0,41,69,106,139,124,112,35,46,90,146,137,92,한문철
뿅뿅 지구오락실 3,예능,소형,88,0,126,118,114,120,63,59,61,60,90,125,73,39,이은지|미미(오마이걸)|이영지|안유진
톡파원 25시,예능,소형,88,0,38,62,98,150,165,173,19,35,72,126,133,107,전현무|김숙|양세찬|이찬원|다니엘|알베르토|줄리안|타일러|타쿠야
키마이라,드라마,소형,88,0,51,85,95,135,179,183,35,55,79,119,148,126,허준석|권혁현|윤지원|박해수|이희준|김수현|차주영|남기애|강신일|우현
명탐정 코난 2026 (자막),애니메이션,소형,88,0,111,180,117,106,105,74,56,83,66,70,67,35,타카야마 미나미|야마자키 와카나|코야마 리키야
UFC 하이라이트,스포츠,소형,87,0,43,50,57,64,62,72,340,154,154,163,156,206,
강연배틀쇼 사기꾼들,교양,소형,87,0,28,56,87,165,165,161,30,40,72,144,136,104,강지영|김종민|최태성|김지윤|썬킴|심용환|표창원
콩콩팡팡 (콩 심은 데 콩 나서 웃음팡 행복팡 해외탐방),예능,소형,87,0,125,159,147,85,66,62,41,72,97,69,52,35,이광수|김우빈|도경수(디오)
무협 활극 <암하전>,드라마,소형,87,0,41,75,71,137,294,455,20,41,54,74,150,280,공준|팽소염|상화삼
JTBC news 아카이브,교양,소형,87,0,37,65,84,120,136,128,39,52,79,145,181,203,
조선의 사랑꾼,예능,소형,86,0,40,73,105,142,152,209,26,43,74,116,129,162,박수홍|박경림|최성국|오나미|임라라
조선의 사랑꾼,예능,소형,86,0,40,73,105,142,152,209,26,43,74,116,129,162,황보라|김지민|최성국|김국진|강수지
뉴스와이드,교양,소형,86,0,22,46,62,118,160,162,28,41,72,158,236,299,
지팡이와 검의 위스토리아 Season 2,애니메이션,소형,86,0,60,60,58,102,83,77,121,98,132,215,172,47,아마사키 코헤이|아마노 사토미|미즈나카 마사아키
MBC 뉴스데스크,교양,소형,86,0,33,57,65,125,153,132,36,44,61,159,229,221,조현용|김수지|김경호|김초롱
2026 롤랑가로스,스포츠,소형,85,0,36,66,78,83,94,101,75,102,127,144,170,195,
황천의 츠가이,애니메이션,소형,85,0,83,99,81,85,79,67,117,127,139,150,128,41,오노 켄쇼|미야모토 유메|나카무라 유이치
쯔양몇끼,예능,소형,85,0,36,65,109,124,100,94,29,48,112,158,130,79,쯔양|박명수|정준하
쌍궤,드라마,소형,85,0,253,143,92,174,167,131,33,34,32,64,75,54,위수신|허위
괴이,드라마,소형,85,0,90,94,93,131,170,139,51,69,83,124,149,99,구교환|신현빈|김지영|박호산|곽동연|남다름
봉황태상,드라마,소형,84,0,38,75,76,136,308,519,18,43,54,69,128,241,임가륜|팽소염|장요
프리한19,예능,소형,84,0,53,75,93,144,161,132,48,60,73,104,111,73,전현무|오상진|한석준
왕게임,로맨스,소형,84,0,109,143,120,113,72,56,72,82,76,113,120,75,천유지|한이슬|박현정
장안24계,드라마,소형,84,0,27,70,78,129,308,517,18,39,56,67,133,300,성의|쉬루|류이쥔
나의 X에게,로맨스,소형,84,0,96,121,100,147,126,88,59,67,51,96,149,179,자노 깁스|마우이 테일러|로즈 반 진켈
전현무계획 3,예능,소형,83,0,25,53,95,140,143,138,22,42,94,153,145,94,전현무|곽준빈
뿅뿅 지구오락실 2,예능,소형,83,0,127,119,114,125,66,63,58,56,86,125,68,38,이은지|미미(오마이걸)|이영지|안유진
환승연애 4,예능,소형,83,0,344,128,81,121,87,78,181,96,66,92,81,42,박현지|성백현|신승용|이재형|정원규|조유식|최윤녕|홍지연|정기석|이용진|김예원|유라|곽민경|김우진|박지현
그녀의 하얀 거짓말,로맨스,소형,83,0,91,122,116,146,110,75,47,62,57,97,137,128,나오|카자마 슌스케|미요시 아야카|이가리 소야
명탐정 코난: 척안의 잔상,애니메이션,소형,82,0,174,185,84,86,93,66,145,138,74,68,77,45,타카야마 미나미|야마구치 캇페이|코야마 리키야|타카다 유지
명탐정 코난: 척안의 잔상,애니메이션,소형,82,0,174,185,84,86,93,66,145,138,74,68,77,45,김선혜|강수진|이정구|현경수
슬기로운 의사생활 시즌2,드라마,소형,82,0,155,106,98,135,111,88,71,55,71,115,109,59,신현빈|곽선영|안은진|조정석|유연석|정경호|김대명|전미도|김해숙|정문성
신병 시즌3,드라마,소형,82,0,124,89,85,102,81,94,152,110,122,132,111,85,김요한|김민호|김동준|오대환|남태우|이상진
신랑수업2,예능,소형,82,0,45,66,73,137,162,211,29,50,70,137,176,177,이승철|탁재훈|송해나
꿈빛파티시엘,키즈,소형,82,0,460,318,40,66,84,40,75,77,29,46,73,25,
꿈빛파티시엘,애니메이션,소형,82,0,460,318,40,66,84,40,75,77,29,46,73,25,김현지|양정화|최승훈|박성태|여민정|김보영|김새해|안영미
스터디그룹,드라마,소형,81,0,178,85,75,148,128,100,104,74,78,147,140,75,윤상정|공도유|홍민기|백서후|황민현|한지은|차우민|이종현|신수현
대탈출 3,예능,소형,81,0,175,148,135,99,66,60,79,67,85,73,56,41,유병재|피오(블락비)|강호동|김종민|김동현|신동 (슈퍼주니어)
롤플레이,로맨스,소형,81,0,103,159,131,118,73,52,44,60,64,103,117,79,이동규|김진선|한하유
백번의 추억,드라마,소형,81,0,132,100,108,161,145,127,39,46,60,97,102,83,김다미|신예은|허남준|김정현|이원정
언젠가는 슬기로울 전공의생활,드라마,소형,81,0,191,110,94,139,116,82,83,53,63,104,110,58,고윤정|신시아|강유석|정준원|한예지|이봉련
명탐정 코난 23기 (더빙),애니메이션,소형,80,0,135,192,112,112,104,66,59,86,56,63,60,33,김광국|김영찬|김선혜|강수진|우정신|김도희|여민정|정선혜|조동희
반짝이는 워터멜론,드라마,소형,80,0,254,126,105,123,93,81,178,77,69,87,76,45,이하민|최원영|서영희|려운|최현욱|설인아|신은수|안도규|윤재찬
애니 : 널 사랑해,드라마,소형,80,0,156,119,88,188,212,177,26,35,33,67,86,58,장릉혁|서약함
대탈출,예능,소형,80,0,185,145,132,101,66,64,86,73,86,74,54,35,강호동|김종민|신동|유병재|김동현|피오
은교,로맨스,소형,79,0,120,140,108,131,102,69,78,83,59,87,127,149,박해일|김무열|김고은|정만식|박철현|장윤실
"이재, 곧 죽습니다",드라마,소형,79,0,89,84,93,143,161,148,67,78,89,123,136,94,이도현|고윤정|김재욱|오정세|김미경|서인국|박소담|김지훈|최시원|성훈|김강훈|장승조|이재욱
연애혁명,드라마,소형,79,0,318,84,68,168,82,79,245,75,64,132,91,39,박지훈|이루비|김영훈|정다은
"최강의 왕, 두 번째 인생에는 무엇을 하는가? 시즌2",애니메이션,소형,79,0,41,54,57,105,94,86,57,82,127,233,203,50,후지와라 나츠미|후루카와 마코토|이치노세 카나
내 남편과 결혼해줘,드라마,소형,79,0,116,97,116,155,139,115,48,49,66,99,93,64,박민영|나인우|이이경|송하윤|이기광|공민정
남겨서 뭐하게,예능,소형,78,0,29,57,84,164,200,204,23,39,69,121,133,106,이영자|박세리
은밀한,드라마,소형,78,0,61,76,89,164,159,136,43,48,50,102,187,297,탄항|치푸
눈물의 여왕,드라마,소형,78,0,152,92,88,136,123,110,107,68,72,116,119,72,이미숙|정진영|나영희|김정난|김수현|김지원|박성훈|곽동연|이주빈|김갑수
대탈출 2,예능,소형,78,0,182,153,136,97,65,57,76,69,84,71,53,34,강호동|김종민|신동|유병재|김동현|피오
아일랜드,애니메이션,소형,78,0,76,75,92,147,162,145,60,60,80,133,145,96,스즈키 타츠히사|타무라 유카리|아스미 카나
아일랜드,드라마,소형,78,0,76,75,92,147,162,145,60,60,80,133,145,96,김남길|이다희|차은우|성준
콩 심은 데 콩 나고 팥 심은 데 팥 난다,예능,소형,77,0,100,144,140,107,78,74,34,65,90,74,54,41,이광수|김우빈|도경수|김기방
슬기로운 의사생활,드라마,소형,77,0,203,118,96,127,101,92,95,64,71,107,103,55,김갑수|정문성|문태유|신현빈|조정석|유연석|정경호|김대명|전미도|김해숙
귀신 부르는 앱: 영,공포(호러),소형,77,0,152,95,91,124,117,110,131,87,98,126,116,80,김규남|아누팜|김희정
뿅뿅 지구오락실,예능,소형,77,0,135,116,114,127,60,56,61,61,86,127,70,34,이은지|미미|이영지|안유진
뿅뿅 지구오락실,예능,소형,77,0,135,116,114,127,60,56,61,61,86,127,70,34,이은지|미미(오마이걸)|이영지|안유진
라디오스타,예능,소형,76,0,30,56,106,147,133,140,29,36,90,154,120,102,김국진|김구라|유세윤|장도연
방과 후 전쟁활동,드라마,소형,76,0,122,98,92,110,104,91,71,90,111,137,140,83,이연|권은빈|문상민 등|신현수|이순원|임세미|김기해|최문희|김수겸
삼시세끼 어촌편 5,예능,소형,76,0,33,64,107,133,104,103,29,51,108,149,109,68,차승원|유해진|손호준
응답하라 1988,드라마,소형,76,0,163,104,97,144,108,87,81,57,67,111,102,67,혜리|류준열|고경표|박보검|성동일|이일화|라미란|김성균|김선영|유재명|류혜영
포풍추영,액션,소형,76,0,52,78,93,101,108,102,35,65,109,151,181,153,성룡|양가휘|장쯔펑|문준휘
성하체통 : 체통 파괴 로맨스,드라마,소형,75,0,113,105,85,179,249,267,21,32,37,68,103,98,왕초연|승뢰|당효천|호의선
명탐정 코난 2025 (자막),애니메이션,소형,75,0,98,165,123,117,114,69,43,74,65,75,65,36,타카야마 미나미|야마구치 캇페이|야마자키 와카나|코야마 리키야
길티 홀,애니메이션,소형,75,0,95,96,75,92,78,63,108,135,138,154,131,49,이마이 미루쿠|치요키 레몬|사사모토 나츠에
대탈출 4,예능,소형,75,0,165,153,137,98,66,58,81,67,87,70,52,37,강호동|김종민|김동현|신동 (슈퍼주니어)|유병재|피오(블락비)
Re:제로부터 시작하는 이세계 생활 4기,애니메이션,소형,75,0,75,85,59,86,77,59,221,186,140,148,125,41,코바야시 유스케|타카하시 리에|아라이 사토미
여고추리반 3,예능,소형,74,0,266,200,118,91,72,48,59,54,55,63,60,33,박지윤|장도연|재재|비비|최예나
예고없는 사랑,드라마,소형,74,0,76,93,72,185,303,327,22,38,36,60,103,88,천싱쉬|왕위원|마쓰차오
신서유기 8,예능,소형,74,0,94,119,128,107,69,62,53,69,109,98,67,34,강호동|이수근|은지원|규현|송민호|피오
응답하라 1994,드라마,소형,74,0,173,133,95,125,95,79,76,71,76,104,97,54,손호준|차선우|도희|고아라|성동일|이일화|정우|유연석|김성균
천지검심,드라마,소형,74,0,32,75,73,126,280,449,17,48,60,81,168,270,성의|리일동|곽준진
비밀의 문,로맨스,소형,73,0,101,154,128,118,73,48,43,68,71,106,113,76,오지윤|장영휘|김다나
터무니없는 스킬로 이세계 방랑 밥 2,애니메이션,소형,73,0,73,89,101,123,89,75,65,83,109,145,109,39,우치다 유우마|히노 사토시|키노 히나
금쪽같은 내새끼,예능,소형,73,0,108,89,112,179,124,130,48,39,64,108,70,61,신애라|정형돈|장영란|홍현희|오은영|박재연
엠카운트다운,예능,소형,73,0,210,163,103,110,86,70,58,59,60,88,75,42,소정환 (TREASURE)|박건욱 (ZEROBASEONE)|계훈 (KickFlip)
무명전설 디너쇼,예능,소형,72,0,29,85,106,88,252,608,20,54,81,60,88,213,김대호|장민호
주술회전 3기: 사멸회유 전편,애니메이션,소형,72,0,222,119,69,123,68,52,303,127,85,127,86,31,에노키 준야|오가타 메구미|우치다 유우마
도깨비,드라마,소형,72,0,189,92,89,152,137,114,85,45,59,115,122,59,조우진|김병철|공유|이동욱|김고은|유인나|육성재|이엘|김성겸
아가씨,스릴러,소형,72,0,114,123,101,109,102,91,83,95,79,104,148,165,김민희|김태리|하정우|조진웅
이제 만나러 갑니다,예능,소형,72,0,29,61,86,134,143,199,20,50,81,145,158,215,남희석|김종민|김태훈
생존왕2,예능,소형,71,0,43,69,85,121,139,178,40,58,97,152,152,136,리차드|차오유닝|히어로|헨리|페이용|김종국|김병만|육준서|영훈|요시나리|신야|쇼헤이|쉬카이
워킹맨,액션,소형,71,0,48,80,70,98,142,139,44,71,92,158,240,250,제이슨 스타뎀|제이슨 플레밍|마이클 페냐
신서유기 7,예능,소형,71,0,103,125,130,102,64,61,51,73,111,95,61,30,피오|강호동|이수근|은지원|규현|송민호
우주를 줄게,드라마,소형,71,0,299,116,82,140,125,105,145,67,55,93,93,58,배인혁|노정의|박서함
우주를 줄게,음악,소형,71,0,299,116,82,140,125,105,145,67,55,93,93,58,유세윤|휘성|예성|카더카든|손동운|김민석
내가 짐승이 된 밤 시즌2,드라마,소형,71,0,98,102,96,156,139,117,59,64,53,99,162,204,노죠 아미|노무라 유키
사촌여동생,드라마,소형,70,0,100,127,105,109,73,59,80,97,86,131,144,93,박미나|박선우
판사 이한영,드라마,소형,70,0,45,68,85,122,131,141,56,70,107,153,144,100,지성|박희순|원진아
Show Me The Money 12,예능,소형,70,0,283,64,69,176,76,81,301,62,63,153,82,41,릴 모쉬핏|박재범|김진표|지코|크러쉬|그레이|로꼬|제이통|허키 시바세키
우씨왕후,드라마,소형,70,0,72,76,77,135,158,166,51,68,85,145,174,146,전종서|김무열|지창욱|정유미|이수혁|박지환
또 오해영,드라마,소형,69,0,181,123,95,142,140,105,55,52,59,89,99,67,허정민|남기애|이한위|김미경|문정혁|서현진|전혜빈|김지석|예지원|이재윤
명탐정 코난 2기 Part1 (더빙),애니메이션,소형,69,0,126,182,117,113,105,80,61,83,63,59,61,31,김선혜|강수진|이현진|이정구
환승연애 2,예능,소형,69,0,195,138,104,106,95,75,95,98,78,78,77,50,정기석|이용진|김예원|유라|정규민|이나연|박원빈|김지수|이지연|김태이|성해은|남희두|박나언|정현규
여고추리반 2,예능,소형,69,0,281,202,116,92,68,49,52,52,55,63,60,33,박지윤|장도연|재재|비비|최예나
운전기사와 회사원 그리고 창녀,로맨스,소형,69,0,94,149,134,123,75,55,56,71,65,97,113,79,토오노 미호|쿠로카와 하루미
세이렌,드라마,소형,68,0,62,76,97,159,176,172,32,49,68,104,130,118,박민영|위하준|김정현
여고추리반,예능,소형,68,0,298,202,117,86,68,50,61,57,56,63,58,32,박지윤|장도연|재재|비비|최예나
대탈출 : 더 스토리,예능,소형,68,0,184,154,116,98,71,66,96,85,88,79,61,36,강호동|김동현|유병재|고경표|백현|여진구
교양사아: 눈부시게 빛나는 햇살,드라마,소형,68,0,172,118,73,185,248,236,31,38,32,59,87,76,송위룡|조금맥
예측불가,예능,소형,68,0,25,73,149,137,131,110,16,35,81,113,96,68,송은이|김숙|빽가|장우영|이천희
콩 심은 데 콩 나고 밥 먹으면 밥심 난다,예능,소형,67,0,119,146,144,102,75,70,37,65,89,74,55,37,이광수|도경수
장상제미,드라마,소형,67,0,42,78,79,167,318,460,18,37,45,59,100,179,등효자|손예연
히든싱어 7,예능,소형,67,0,52,79,93,134,122,117,72,73,88,136,121,70,전현무
짱구는 못말려 11,애니메이션,소형,67,0,241,240,99,63,68,53,125,123,66,46,52,33,박영남|강희선|오세홍|여민정|정유미|정혜옥
맛있는 녀석들,애니메이션,소형,66,0,29,55,95,141,122,100,33,47,104,172,134,80,곽정건|장철
맛있는 녀석들,예능,소형,66,0,29,55,95,141,122,100,33,47,104,172,134,80,유민상|김준현|김민경|문세윤
맛있는 녀석들,예능,소형,66,0,29,55,95,141,122,100,33,47,104,172,134,80,김해준|김준현|문세윤|황제성
맛있는 녀석들,애니메이션,소형,66,0,29,55,95,141,122,100,33,47,104,172,134,80,손선영|정의한
[무삭제판] 강남 1970,드라마,소형,66,0,45,78,94,112,84,100,51,93,118,162,147,143,이민호|김래원|정진영
KBS 뉴스 9,교양,소형,66,0,32,52,67,114,137,153,29,50,72,159,226,285,최문종|박지원|이윤희
심야괴담회 시즌5,예능,소형,66,0,120,109,127,120,81,78,65,79,109,108,72,39,김구라|김숙|김호영|김아영
지붕 뚫고 하이킥,드라마,소형,66,0,264,183,94,97,75,65,86,83,77,89,74,42,윤시윤|이기광|서신애|진지희|황정음|줄리엔강|유인나|이광수|이순재|김자옥|정보석|오현경|신세경|최다니엘
주차금지,스릴러,소형,65,0,76,89,80,111,148,170,70,74,82,127,182,219,류현경|김뢰하|차선우
대한민국에서 건물주 되는 법,드라마,소형,65,0,51,69,97,130,134,135,41,54,93,142,147,128,하정우|임수정|김준한|정수정|심은경
심연적신 : 마음 약한 신,드라마,소형,65,0,40,75,76,162,324,431,22,40,49,67,121,163,엄자현|오일여격|곽형옥|우양
치열흡인 : 치명적 이끌림,드라마,소형,65,0,110,106,81,200,271,239,25,32,32,59,90,70,팡진|추이위신|왕이쥔|가오웨이만
원경,드라마,소형,65,0,76,83,90,150,136,123,47,67,80,134,149,114,차주영|이현욱
서진이네 2,예능,소형,64,0,69,86,114,129,107,112,33,49,90,125,111,60,이서진|정유미|박서준|최우식|고민시
유부녀의 입술은 캔 츄하이 맛이 나서,애니메이션,소형,64,0,157,111,83,116,101,61,138,107,87,130,145,76,이시이 타카히데|카와라기 시호
[극장판] 짱구는 못말려 31기 - 우리들의 공룡일기,애니메이션,소형,64,0,195,157,102,92,59,61,162,122,89,96,59,40,박영남|김환진|강희선
사랑의 불시착,드라마,소형,64,0,147,101,96,144,130,107,55,48,63,107,119,80,방은진|최대훈|황우슬혜|박형수|윤지민|현빈|손예진|서지혜|김정현|남경읍
신서유기 3,예능,소형,63,0,85,122,129,100,69,56,38,73,116,96,64,34,강호동|이수근|은지원|안재현|규현|송민호
순진년대적애정 : 70년대의 순수한 사랑,드라마,소형,63,0,114,103,67,180,298,351,19,39,35,57,100,104,진비우|손천|곽효정|왕천진
JTBC 뉴스룸,교양,소형,63,0,20,46,60,151,215,160,22,31,48,148,228,161,오대영|이수진|안나경
이세계에서 복슬복슬을 쓰담쓰담하기 위해 노력 중입니다.,애니메이션,소형,63,0,202,155,113,112,80,71,84,72,75,97,82,33,카쿠마 아이|오오카와 겐키
THE K2,드라마,소형,63,0,151,102,83,115,116,137,60,74,88,133,141,110,김익태|고인범|송경철|지창욱|송윤아|윤아|조성하|김갑수|이정진|박순천
삼시세끼 고창편,예능,소형,62,0,39,67,111,138,112,115,26,49,104,136,102,62,차승원|유해진|손호준|남주혁
가루지기,코미디,소형,62,0,71,92,77,81,75,74,124,174,122,129,154,144,봉태규|김예원
가루지기,드라마,소형,62,0,71,92,77,81,75,74,124,174,122,129,154,144,봉태규|김예원
젊은 엄마,로맨스,소형,62,0,107,129,92,111,83,63,75,102,77,128,161,122,이은미|주인철|지나
구미호뎐1938,드라마,소형,62,0,146,86,108,138,119,103,82,60,82,119,108,73,나현(소나무)|김주영|우현진|강나언|이동욱|김소연|김범|류경수|황희|김용지
견우와 선녀,드라마,소형,62,0,256,98,90,156,120,94,160,58,56,100,96,64,김성정|황세인|김민주|조이현|추영우|차강윤|추자현|김미경|윤병희
끝까지 간다 독박투어,예능,소형,61,0,17,57,110,125,106,126,17,38,118,165,126,89,김대희|김준호|장동민|유세운|홍인규
아름다운 청춘,로맨스,소형,61,0,111,112,90,140,127,92,60,59,52,115,187,192,마리카 라게르크란츠|요한 비더버그|카린 헐트|토마스 본 브롬슨
신서유기 5,예능,소형,61,0,95,127,130,103,66,54,50,71,111,94,56,36,강호동|이수근|은지원(젝스키스)|안재현|송민호(MINO|위너)|피오
주술회전,애니메이션,소형,61,0,242,119,73,130,65,56,252,108,85,127,79,30,에노키 준야|스와베 쥰이치|후시구로 메구미
신서유기 6,예능,소형,60,0,101,129,129,103,64,53,48,73,110,92,57,30,강호동|이수근|은지원(젝스키스)|안재현|송민호(MINO|위너)|피오
극한직업,,소형,60,0,119,103,92,100,87,116,104,86,108,130,123,150,
극한직업,코미디,소형,60,0,119,103,92,100,87,116,104,86,108,130,123,150,류승룡|이하늬|진선규|이동휘|공명
극한직업,다큐멘터리,소형,60,0,119,103,92,100,87,116,104,86,108,130,123,150,
만복금안 : 영광의 귀환,드라마,소형,60,0,38,77,74,140,325,534,20,43,53,64,121,200,방근|조화위|저자준|오만사
영화 이상한 과자 가게 전천당,판타지,소형,60,0,103,64,92,186,146,130,74,39,61,151,110,73,정유미|이경태|박시윤|김현심|배정미|장미|이은조|박준원
삼시세끼 어촌편 2,예능,소형,60,0,29,60,104,139,103,109,25,46,106,156,116,66,차승원|유해진|손호준
은혼 1기 무인편 (자막),애니메이션,소형,59,0,291,198,70,92,90,50,117,108,84,91,95,39,사카타 긴토키|시무라 신파치|카구라
밤의 연가,로맨스,소형,59,0,86,150,134,126,79,50,40,60,65,101,121,91,야마다 유키|마츠모토 마리카|나카무라 유리카
[O′PENing 2022] 오피스에서 뭐하Share? - 무삭제판,드라마,소형,59,0,128,108,90,141,120,77,78,96,73,110,138,119,이학주|하윤경|정재광|문유강|장지수
크라임씬 리턴즈,예능,소형,59,0,166,176,142,83,59,57,42,67,84,69,49,36,장진|박지윤|장동민|키|주현영|안유진
입청운,드라마,소형,59,0,158,118,83,180,220,228,25,28,35,65,103,125,허우밍하오|루위샤오|위청언|허난
아이스맨,액션,소형,58,0,55,92,57,85,172,161,42,74,65,128,325,355,위르겐 보겔|수잔르 웨스트|프랑코 네로
아이스맨,드라마,소형,58,0,55,92,57,85,172,161,42,74,65,128,325,355,대니 A. 아벡캐저|라이언 오넌|마이클 섀넌|크리스 에반스|제임스 프랭코|위노나 라이더|레이 리오타|데이빗 쉼머|로버트 다비|존 벤티미그리아
응답하라 1997,드라마,소형,58,0,243,118,96,147,101,83,90,55,64,103,89,49,이일화|송종호|정은지|서인국|신소율|은지원|이호원|이시언|성동일
미스트롯 포유,예능,소형,58,0,31,71,84,92,202,470,26,50,78,87,149,369,붐|송은이|안성훈|이소나|허찬미|홍성윤|길려원|윤태화|윤윤서|염유리
언더커버 미쓰홍,드라마,소형,58,0,58,74,98,163,178,150,29,36,59,104,128,105,김도현|장도하|서현철|박신혜|고경표|하윤경|조한결|최지수|강채영|이덕화
구해줘! 홈즈,예능,소형,57,0,152,84,87,154,163,130,43,40,63,123,113,67,주우재|김숙|양세형|양세찬|장동민|김대호
너를 좋아해 : 투투장부주,해외드라마,소형,57,0,316,138,90,184,166,136,42,32,30,58,73,46,조로사|진철원
터널,드라마,소형,57,0,54,80,85,141,189,185,48,62,77,122,147,126,하정우|배두나|오달수
터널,드라마,소형,57,0,54,80,85,141,189,185,48,62,77,122,147,126,김민상|김병철|문숙|최진혁|김태호|윤현민|이유영|조희봉|강기영
터널,전쟁,소형,57,0,54,80,85,141,189,185,48,62,77,122,147,126,호 타이 화|쿠앙 투안|호 투 안
터널,미스터리,소형,57,0,54,80,85,141,189,185,48,62,77,122,147,126,레오나르도 스바라글리아|파블로 에카리|클라라 라고
터널,스릴러,소형,57,0,54,80,85,141,189,185,48,62,77,122,147,126,정유미|연우진|송재림
마우스,드라마,소형,57,0,63,83,94,147,180,194,31,61,79,121,134,120,김영재|김영옥|안재욱|이승기|이희준|박주현|경수진|김강훈|이서준|우지현
금월여가,드라마,소형,57,0,103,99,83,187,256,257,24,33,34,66,98,108,주야|승뢰|장강락|백주
일소수가,드라마,소형,56,0,89,78,78,205,257,244,26,33,36,73,109,124,리친|천저위안|샤멍|천허이|쭤예|신카이리
빌런즈,드라마,소형,56,0,44,68,74,129,165,184,45,60,84,157,204,155,유지태|곽도원|이범수|이민정
미드나이트,드라마,소형,56,0,94,86,85,138,156,149,62,69,77,122,150,141,진기주|위하준|박훈|길해연|김혜윤
위대한 가이드 3,예능,소형,56,0,30,66,89,152,168,175,24,42,75,133,144,102,박명수|김대호|최다니엘|이무진|전소민
당아비분향니 : 너에게로 달려갈게,해외드라마,소형,56,0,369,156,73,172,179,145,35,34,24,57,76,42,주익연|장묘이|궈저|변톈양|장즈난
서진이네,예능,소형,55,0,79,82,119,151,122,115,30,40,77,114,99,59,이서진|정유미|박서준|최우식|뷔
여제자,드라마,소형,55,0,89,120,101,122,77,54,91,100,80,129,145,98,윤 율|최가영|승 하
2026 한일가왕전,예능,소형,55,0,53,80,90,90,183,346,44,57,78,94,174,282,타케나카 유다이|박서진|강남|린|전유진
[무삭제판] 하숙집 여주인의 목적,로맨스,소형,55,0,118,135,101,119,82,67,80,82,73,120,142,114,유리|경민|미호|경원
PD 수첩,교양,소형,54,0,43,62,104,162,141,154,33,37,77,137,121,81,오승훈
신병,드라마,소형,54,0,160,96,89,115,79,78,186,99,113,127,96,62,차영남|이상진 등|김민호|이정현|남태우|전승훈|이충구
망진월,드라마,소형,54,0,41,79,75,164,326,455,20,39,48,61,108,170,진방동|진명호|원우함
십년경성: 10년의 기다림,드라마,소형,54,0,82,92,70,186,310,373,19,38,36,55,100,95,하창희|소우칠|반자검|곽가어
"오리카, 모두의 연인",로맨스,소형,54,0,95,141,134,149,97,61,36,51,52,92,121,96,시로미네 미우|기미토 아유미|우수이 사류
금타는 금요일,예능,소형,53,0,24,68,85,98,220,532,21,47,75,83,143,337,김성주|붐|김용빈|손빈아|천록담|춘길|최재명|남승민|추혁진|정서주|배아현|오유진
영안여몽 : 다시 쓰는 꿈,해외드라마,소형,53,0,89,89,81,187,278,294,28,39,37,68,93,103,백록|장릉혁|왕성월|주준위|류사영|협희월
몸값,드라마,소형,53,0,83,86,82,110,151,158,73,85,96,138,180,171,진선규|전종서|장률
삼시세끼 어촌편,예능,소형,53,0,33,64,101,139,105,114,31,48,103,152,119,69,차승원|유해진|손호준
아따맘마 PART4,애니메이션,소형,52,0,126,270,122,67,73,56,35,83,64,41,42,29,이미자|이계윤|홍범기|손종환
[무삭제판] 완벽한 섹스의 맛,로맨스,소형,52,0,119,131,104,128,94,70,60,63,63,120,157,130,에이미|반희|용복
색다른 그녀,로맨스,소형,52,0,83,115,109,118,85,64,62,82,76,124,158,151,혁|장성윤
비극의 원흉이 되는 최강악역 최종보스 여왕은 국민을 위해 헌신합니다 2기,애니메이션,소형,52,0,83,108,91,120,116,84,41,65,95,154,146,42,파이루즈 아이|우치다 마아야|토마츠 하루카
엿보기 구멍,로맨스,소형,52,0,135,113,91,120,108,84,120,100,66,115,163,163,이케다 쇼콜라|칸노 아츠미
엿보기 구멍,해외드라마,소형,52,0,135,113,91,120,108,84,120,100,66,115,163,163,이케다 쇼콜라|칸노 아츠미|이토 베니
S라인,,소형,51,0,122,98,90,132,124,109,75,81,90,129,134,96,
S라인,드라마,소형,51,0,122,98,90,132,124,109,75,81,90,129,134,96,이수혁|이다희|아린|이은샘|김동영
힘내라! 나카무라 군!!,애니메이션,소형,51,0,463,223,76,101,103,50,100,60,38,60,78,29,코바야시 치아키|사카키하라 유우키|에구치 타쿠야
[무삭제판] 청춘학당,로맨스,소형,51,0,99,166,122,102,66,38,52,85,78,106,114,64,이태리|배슬기|백봉기
스프링 피버,드라마,소형,51,0,109,83,96,145,139,121,78,64,79,110,112,73,안보현|이주빈|차서원|조준영|이재인
명매선취,드라마,소형,51,0,34,80,71,137,318,555,16,41,54,68,127,230,공설아|임호|조순연
니돈내산 독박투어 4,예능,소형,50,0,23,59,116,119,100,110,18,39,125,163,119,98,김대희|김준호|장동민|유세윤|홍인규
강철의 연금술사 BROTHERHOOD,애니메이션,소형,50,0,115,141,88,71,69,52,124,166,136,107,87,35,손정아|윤미나
중간계,액션,소형,50,0,51,75,67,125,167,141,39,58,73,158,231,168,변요한|김강우|방효린
명탐정 코난 : 100만달러의 펜타그램 - 극장판 27기,애니메이션,소형,50,0,260,192,73,92,89,62,168,142,62,69,68,31,타카야마 미나미|야마구치 캇페이|야마자키 와카나|호리카와 료|미야무라 유코
명탐정 코난 : 100만달러의 펜타그램 - 극장판 27기,애니메이션,소형,50,0,260,192,73,92,89,62,168,142,62,69,68,31,김선혜|강수진|이현진|신용우|최재호|한신정
요리는 괴로워,예능,소형,50,0,42,75,106,126,140,135,16,44,95,131,125,80,김풍|정지선|이문정|조서형|이은지
삼시세끼 Light,예능,소형,49,0,33,70,116,127,105,127,26,48,108,135,99,60,차승원|유해진
라이프 온 마스,드라마,소형,49,0,49,87,107,144,162,153,29,46,73,114,130,106,유지연|김재경(레인보우)|김영필|정경호|박성웅|고아성|오대환|노종현|최불암|전석호
히든싱어 5,예능,소형,49,0,61,79,100,147,119,98,77,67,89,125,105,58,전현무
아파트,공포(호러),소형,49,0,141,100,89,121,129,138,97,91,93,120,128,95,이선재|김미영|구본진
아파트,미스터리,소형,49,0,141,100,89,121,129,138,97,91,93,120,128,95,고소영|장희진|강성진
나 혼자만 레벨업 -ARISE FROM THE SHADOW- (더빙),애니메이션,소형,49,0,52,63,74,141,105,84,111,69,103,183,144,46,안효민|최현수|김예림|박시윤|민승우|심규혁|신나리|유영|신범식|송준석|정재헌|한복현
[확장판] 상류사회,드라마,소형,48,0,97,116,96,103,71,79,100,134,94,122,132,118,박해일|수애
연애의 목적,로맨스,소형,48,0,110,110,99,134,95,77,44,58,70,124,163,199,박해일|강혜정
LTNS,드라마,소형,48,0,106,87,82,125,125,105,82,84,92,145,157,119,양말복|황현빈|김승비|옥자연|정환|류덕환|이솜|안재홍|이학주|김새벽|김우겸|정재원|정진영
뉴스NIGHT,교양,소형,47,0,22,51,57,124,172,153,31,45,60,145,243,327,성문규|유다원
미스터 션샤인,드라마,소형,47,0,124,89,88,138,138,115,73,60,73,115,135,90,김병철|배정남|신정근|이병헌|김태리|유연석|변요한|김민정|최무성|김의성
이름없는 새,로맨스,소형,47,0,106,125,102,129,117,92,48,64,63,97,161,194,아오이 유우|아베 사다오|마츠자카 토리|다케노우치 유타카
실화탐사대,교양,소형,47,0,45,58,103,189,189,210,30,39,59,115,112,78,지진희|서인|강다솜|박지훈
명탐정 코난 22기 (더빙),애니메이션,소형,47,0,145,187,111,118,105,74,63,82,54,62,59,32,유해무|조동희|김광국|김선혜|강수진|이정구|김영찬|정선혜|여민정|김도희
신병 시즌2,드라마,소형,47,0,145,98,89,105,76,82,134,110,124,128,95,67,이충구|이상진|김지석|김민호|남태우
크라임씬 3,예능,소형,46,0,99,152,160,101,72,68,23,50,79,69,54,45,양세형|정은지|홍진호|장진|박지윤|김지훈
어쩌다 발견한 하루,드라마,소형,46,0,353,136,89,158,151,77,62,43,42,79,83,44,최진호|윤종훈|지수원|유하복|김혜윤|로운|이재욱|이나은|이태리|김영대|정건주|엄효섭
내가 죽기 일주일 전,드라마,소형,46,0,135,105,86,144,201,171,56,58,57,95,128,84,고창석|서영희|공명|김민하|정건주|오우리
남의 집 귀한 가족,예능,소형,46,0,38,66,102,168,195,235,22,44,59,101,104,109,고준희|전민기|정미녀|이수근|박미선|이봉원|신지|문원
감독의 딸들,로맨스,소형,46,0,97,161,138,114,70,58,48,67,63,94,119,79,이토우 쿠란|이와사와 카요
나의 아저씨,드라마,소형,45,0,86,69,72,149,187,148,56,55,67,126,161,85,신구|전국환|정해균|이선균|아이유|송새벽|고두심|장기용|김영민|정재성
신수 유치원,애니메이션,소형,45,0,100,97,90,131,108,89,86,76,92,150,125,40,정주원|권다예|이은조
봄,드라마,소형,45,0,99,105,86,123,107,102,60,84,77,127,183,186,박용우|김서형|이유영
봄,코미디,소형,45,0,99,105,86,123,107,102,60,84,77,127,183,186,
라이브(Live),드라마,소형,45,0,129,100,91,114,130,152,90,73,89,123,126,105,성동일|장현성|이얼|신동욱|이시언|정유미|이광수|배성우|배종옥|이순재
주화 : 우리는 서로의 변수였다,드라마,소형,44,0,74,88,71,183,339,442,15,38,39,51,90,113,덩카이|탄옌옌
키스가 멈춘 순간,로맨스,소형,44,0,109,170,151,138,85,51,39,47,48,73,89,77,카논 우라라|고이케 에미코|히로세 유카
명탐정 코난 20기 (더빙),애니메이션,소형,44,0,144,176,115,123,109,74,61,76,57,67,63,29,김선혜|강수진|이현진|이정구
강적들,예능,소형,44,0,16,43,60,92,131,189,36,69,121,178,211,239,조수빈
명탐정 코난 : 베이커가의 망령 - 극장판 6기,애니메이션,소형,44,0,220,244,72,68,73,57,133,163,61,52,59,29,김선혜|이현진|이정구|조동희|황원|우정신|강수진
[감독판] 야한 정사의 맛,성인로맨스,소형,43,0,142,145,102,121,88,62,84,77,63,109,143,118,이유린
운지우,해외드라마,소형,43,0,91,85,68,191,280,293,30,40,41,72,103,117,위슈신|장링허
최우수산,예능,소형,43,0,32,48,103,141,143,142,22,36,94,151,136,106,유세윤|장동민|허경환|붐|양세형
버밀리언: 주홍색 그림물감,로맨스,소형,43,0,94,141,134,134,85,53,45,60,59,96,127,89,야마기시 아이카|타다노 나츠미|안도 히로키오
히든싱어 6,음악,소형,43,0,57,77,93,143,132,109,69,67,88,129,112,66,전현무
킬 블루,애니메이션,소형,42,0,105,106,73,107,103,83,84,85,109,169,141,46,타케우치 슌스케|이즈미 후카|우메다 슈이치로
신서유기 2,예능,소형,42,0,81,111,125,100,66,59,47,81,123,103,66,29,강호동|이수근|은지원(젝스키스)|안재현
크라임씬 2,예능,소형,42,0,82,152,159,102,71,63,18,52,84,70,55,36,하니|장동민|표창원|박지윤|홍진호|장진
명탐정 코난 21기 (더빙),애니메이션,소형,42,0,148,186,108,122,107,69,66,81,54,65,63,33,이우리|김동현|김선혜|강수진|이정구|김광국|조동희|김영찬|황동현|이달래
사랑의 흔적,로맨스,소형,41,0,92,115,109,143,104,90,41,56,59,107,164,184,사토 리호|오치아이 모토키|미네 고이치
서권일몽: 악덕 남주를 사랑하게 되었다,드라마,소형,41,0,67,79,83,204,266,261,26,34,38,73,95,101,이일동|류우녕|축서단|왕우석
책벌레의 하극상 ~사서가 되기 위해서라면 뭐든지 할 수 있어~ 영주의 양녀,애니메이션,소형,41,0,58,90,90,131,147,110,33,53,86,156,162,52,이구치 유카|하야미 쇼|이노우에 카즈히코
쓰리썸씽,코미디,소형,41,0,97,146,119,151,109,63,47,54,50,83,115,117,이사벨라 체스터|제임스 모르시니
보검 매직컬,예능,소형,41,0,79,101,129,150,137,117,28,42,66,80,66,61,박보검|이상이|곽동연
조립식 가족,드라마,소형,40,0,377,152,83,137,117,88,90,48,41,84,87,44,황인엽|정채연|배현성|최원영|최무성|서지혜
형님 아내,로맨스,소형,40,0,92,140,114,111,77,55,45,77,75,116,157,105,이은미|황빈
[무삭제판] 젊은 처제,로맨스,소형,40,0,87,124,100,112,77,66,67,84,82,138,155,121,곽한구|고원|이토 베니
전생했더니 슬라임이었던 건에 대하여,애니메이션,소형,40,0,89,97,79,91,73,67,134,128,137,155,111,40,야마모토 카네히라|오카사키 미호|마에노 토모아기|하나모리 유미리|후루카와 마코토|센본기 사야카|M·A·O|에구치 타쿠야|오오츠카 호츄
설계,스릴러,소형,40,0,72,83,75,105,110,118,53,86,90,158,207,260,신은경|오인혜|이기영
매리지 톡신,애니메이션,소형,39,0,98,108,80,112,112,81,110,92,108,147,145,49,이시야 하루키|와카야마 시온|나가세 안나
목욕관리사씨! ~나와 그 녀석이 여탕에서!?~,애니메이션,소형,39,0,98,96,74,100,87,73,100,115,123,158,152,60,아오바 링고|혼마 카이나|이가사키 아야카
스물다섯 스물하나,드라마,소형,39,0,403,116,81,144,98,75,146,57,49,96,102,50,최민영|김태리|남주혁|보나(우주소녀)|최현욱|이주명|서재희|김혜은
술꾼도시여자들 2,드라마,소형,39,0,95,92,107,152,130,105,51,63,78,120,133,105,이선빈|한선화|정은지|최시원
명탐정 코난 Part1 (더빙),애니메이션,소형,38,0,213,187,99,103,87,67,91,97,67,75,63,35,김선혜|강수진|이정구|이현진
명탐정 코난 4기 (더빙),애니메이션,소형,38,0,199,217,102,90,92,64,74,107,59,51,60,25,김선혜|강수진|이정구|이현진
피라미드 게임,드라마,소형,38,0,171,127,93,129,111,114,88,71,78,118,117,85,이주연|황현정|김지연|장다아|류다인|신슬기|강나언|정하담|하율리|오세은
미혼남녀의 효율적 만남,드라마,소형,38,0,63,90,109,144,155,150,31,46,74,103,112,102,한지민|박성훈|이기택|정혜성|김소혜|주연우
2026 롤랑가로스 하이라이트,스포츠,소형,38,0,25,58,77,95,120,134,45,63,98,155,211,273,
텐트 밖은 유럽 - 로맨틱 이탈리아,예능,소형,37,0,28,61,100,145,158,125,31,40,82,131,140,88,라미란|곽선영|이주빈|이세영
돼지의 왕,,소형,37,0,54,73,93,140,152,164,43,67,90,138,166,125,
돼지의 왕,드라마,소형,37,0,54,73,93,140,152,164,43,67,90,138,166,125,김동욱|김성규|채정안
돼지의 왕,애니메이션,소형,37,0,54,73,93,140,152,164,43,67,90,138,166,125,양익준|오정세|김혜나|박희본
나는 자연인이다,교양,소형,37,0,41,75,73,100,151,229,26,53,76,137,209,300,이승윤|윤택
짱구는 못말려 24,애니메이션,소형,37,0,224,204,113,81,61,55,109,105,75,64,44,27,박영남|강희선|김환진|여민정|정유미|정혜옥
장미맨션,드라마,소형,37,0,60,82,88,146,181,177,35,68,84,122,155,120,김도윤|고규필|이주영|임지연|윤균상|손병호|정웅인|이문식|정애리|조달환|이미도
신서유기 4,예능,소형,36,0,101,131,120,96,61,51,56,91,125,95,57,35,강호동|이수근|은지원|안재현|규현|송민호
격정 멜로 <저격호접>,드라마,소형,36,0,107,108,83,209,235,234,23,32,32,60,85,64,진연희|주가우|류예린|진소운
클리너,액션,소형,36,0,50,97,66,85,167,186,38,74,64,116,280,341,데이지 리들리|클라이브 오웬|태즈 스카일러
콩콩팜팜 : 웃음팜팜 비하인드,예능,소형,36,0,92,154,155,100,85,73,17,46,82,75,56,31,이광수|김우빈|도경수
다이아몬드 에이스 actII -Second Season-,애니메이션,소형,35,0,77,80,56,90,82,83,119,126,123,195,164,50,오오사카 료타|시마자키 노부나가|사쿠라이 타카히로
하우 투 해브 섹스,드라마,소형,35,0,101,122,101,145,111,80,55,73,55,100,149,192,미아 맥케나-브루스|라라 피크|숀 토마스
"알고있지만,",드라마,소형,35,0,201,104,88,166,167,128,65,51,52,82,102,69,한소희|송강|채종협|양혜지|이열음
명탐정 코난 : 흑철의 어영 - 극장판 26기,애니메이션,소형,35,0,232,211,71,82,86,64,162,154,61,63,71,23,김선혜|강수진|우정신|이현진
명탐정 코난 : 흑철의 어영 - 극장판 26기,애니메이션,소형,35,0,232,211,71,82,86,64,162,154,61,63,71,23,타카야마나 미나미|하야시바라 메구미
명탐정 코난 : 17년 전의 진상,애니메이션,소형,35,0,152,193,93,87,91,68,112,137,70,65,66,33,김선혜|이장원|박경혜|한복현|강수진|우정신
명탐정 코난 : 17년 전의 진상,애니메이션,소형,35,0,152,193,93,87,91,68,112,137,70,65,66,33,타카야마 미나미|키시노 유키마사|치바 시게루|야스모토 히로키
"원픽은, 흔한남매 리부트",디지털오리지널,소형,34,0,26,31,109,227,37,46,30,17,63,238,47,22,장다운|한으뜸
장착: 복수의 신부,드라마,소형,34,0,48,81,77,165,311,481,23,38,48,62,103,192,이대곤|소우칠|민성한
벌거벗은 한국사,예능,소형,34,0,81,77,109,157,99,105,36,43,85,150,98,85,최태성|김동현|장예원|조나단 욤비
전생했더니 슬라임이었던 건에 대하여 3기,애니메이션,소형,34,0,55,79,70,87,72,73,91,147,166,166,116,42,오카사키 미호|마에노 토모아키|후루카와 마코토|센본기 사야카
콜드미트,스릴러,소형,34,0,45,96,75,96,198,234,39,69,63,100,245,354,렌 리치|니나 버그만|얀 투알
경이로운 소문,드라마,소형,33,0,149,79,87,153,135,117,123,51,69,125,128,86,김소라|은예준|이찬형|이홍내|조병규|유준상|김세정|염혜란|안석환|문숙
명탐정 코난 11기 Part1 (더빙),애니메이션,소형,33,0,136,184,107,121,108,63,71,82,58,58,67,34,김선혜|강수진|이현진|이정구
불륜의 속죄 -이 사랑은 잘못인가요-,드라마,소형,33,0,92,92,77,155,164,151,44,54,54,120,188,220,미야모토 마유|이즈카 켄타|카타야마 모에미|토츠카 쇼타
진격의 거인,애니메이션,소형,33,0,236,180,78,80,68,55,174,155,95,89,79,35,하시즈메 토모히사|시마무라 유우|오오사카 료타|카지 유우키|이시카와 유이|이노우에 마리나|타니야마키쇼|코바야시 유우|미카미 시오리|후지타 사키|시모노 히로
쇼미더머니12 콘서트,공연,소형,32,0,189,91,86,118,84,79,209,95,100,126,80,57,
명탐정 코난 : 할로윈의 신부- 극장판 25기,애니메이션,소형,32,0,241,219,77,91,83,61,124,127,59,65,66,25,김선혜|강수진|박성태|김장|김정훈|김기흥|이호산
명탐정 코난 : 할로윈의 신부- 극장판 25기,애니메이션,소형,32,0,241,219,77,91,83,61,124,127,59,65,66,25,타카야마 미나미|야마구치 캇페이
코미디빅리그,예능,소형,32,0,50,61,70,113,95,112,51,56,103,198,190,144,한윤서|설명근|이용진|신영일|허영지|미키광수|이은형|강재준|홍윤화|김민기
블리딩 스틸,액션,소형,32,0,54,85,67,80,143,176,45,66,78,136,298,375,성룡|칼란 멀베이|테스 호브리치|나지상
무엇이든 물어보살,예능,소형,32,0,56,84,115,153,146,177,28,47,83,110,95,84,서장훈|이수근
호요황후 : 복수로 시작된 금기된 사랑,드라마,소형,31,0,41,78,73,159,326,502,30,38,50,66,115,162,서진진|경업정|장운경|오정흠
주술회전 2기 : 시부야 사변,애니메이션,소형,31,0,214,116,70,141,65,50,261,113,80,134,83,33,나카무라 유이치|에노키 준야
장송의 프리렌 (자막),애니메이션,소형,31,0,212,132,68,99,69,52,215,149,107,116,86,29,타네자키 아츠미|이치노세 카나|코바야시 치아키|오카모토 노부히코|토치 히로키|우에다 요우지
메모리스트,드라마,소형,31,0,60,78,81,129,210,224,45,59,76,113,172,161,손광업|박응수|오치운|김서경|유승호|이세영|조성하|고창석|윤지온|전효성
언더커버 하이스쿨,드라마,소형,31,0,189,93,76,133,123,105,155,80,85,126,127,80,김민주|박세현|신준항|박진우|오용|이민지|노종현|구민혁|김영아|김수진|장성범|이현소|정수현|강필준|신가은|김승범|윤채빈|김선민|서강준|진기주|김신록|전배수|이서환|조복래|윤가이
명불허전,드라마,소형,30,0,70,71,79,120,129,143,78,63,98,160,172,139,안석환|맹상훈|이대연|김남길|김아중|유민규|문가영|윤주상|김명곤|엄효섭
거침없이 하이킥,드라마,소형,30,0,232,178,127,85,72,70,54,81,89,71,56,46,서민정|김혜성|정일우|김범|박민영|염승현|황찬성|이수나|정선우|박승찬|이순재|나문희|박해미|정준하|최민용|신지
이가인지명,드라마,소형,30,0,169,131,82,177,236,242,26,32,30,56,82,67,송위룡|담송운|장신성
짱구는 못말려 4,애니메이션,소형,30,0,156,235,113,56,57,48,88,137,86,48,45,33,박영남|강희선|최향윤|김미정|김정애|박은숙|설영범|임은정
오란고교 사교클럽,애니메이션,소형,29,0,458,232,88,100,82,41,40,50,38,63,70,27,사카모토 마아야|미야노 마모루|마츠카제 마사야|사이토 아야카
[무삭제판] 맛있는 유혹,로맨스,소형,29,0,120,147,109,126,85,58,59,69,65,109,137,108,나영|연우|해일|민수
교복적군파 : 첫사랑의 계절,드라마,소형,29,0,169,134,79,178,238,235,19,36,31,55,84,67,사빈빈|장흔의|원야|공완이
데스 리버,스릴러,소형,29,0,47,88,83,97,142,172,37,80,99,134,205,259,조셉 밀슨|사라 알렉산드라 막스
히든싱어 3,예능,소형,29,0,63,79,90,140,125,112,82,80,89,127,114,62,전현무
소화약금,드라마,소형,28,0,134,97,76,176,264,295,22,36,38,64,105,136,송위룡|포상은
지팡이와 검의 위스토리아,애니메이션,소형,28,0,72,74,64,99,80,76,122,113,138,194,146,44,아마사키 코헤이|미즈나카 마사아키|카키하라 테츠야
짱구는 못말려 12,애니메이션,소형,28,0,226,229,100,81,74,52,119,115,59,50,54,24,박영남|강희선|오세홍|여민정|정유미|정혜옥
베이스볼 투나잇,예능,소형,28,0,32,37,48,93,71,73,64,60,90,254,284,193,김선우|김강민|허도환|민병헌|김희연|조민지|정민철|박재홍
절요,드라마,소형,28,0,74,87,91,205,245,275,20,28,39,66,89,95,쑹쭈얼|류위닝|허훙산|류돤돤|쉬안루
김복남 살인사건의 전말,스릴러,소형,27,0,85,109,102,96,98,105,68,122,120,120,113,100,서영희|지성원|박정학|백수련
김복남 살인사건의 전말,스릴러,소형,27,0,85,109,102,96,98,105,68,122,120,120,113,100,서영희|황금희|황화순|박정학
짱구는 못말려 10,애니메이션,소형,27,0,241,264,84,55,74,43,122,148,58,42,52,25,박영남|강희선|오세홍|여민정|정유미|정혜옥
82년생 박아라,로맨스,소형,27,0,99,131,103,107,66,44,78,91,87,136,143,99,민정|유정
세계테마기행,교양,소형,27,0,28,56,81,118,158,253,27,41,76,141,195,266,
세계테마기행,교양,소형,27,0,28,56,81,118,158,253,27,41,76,141,195,266,유발이
짱구는 못말려 22,애니메이션,소형,26,0,234,206,109,88,64,56,104,97,68,69,47,25,박영남|강희선|김환진|여민정|정유미|정혜옥
히든싱어,예능,소형,26,0,58,66,86,145,147,118,79,68,82,134,127,79,전현무
귀신경찰,코미디,소형,26,0,84,94,87,106,145,161,67,81,93,124,154,152,김수미|신현준|정준호
귀멸의 칼날 (자막),애니메이션,소형,26,0,128,131,100,117,80,65,101,100,89,115,87,35,하나에 나츠키|키토우 아카리|사쿠라이 타카히로|시모노 히로|마츠오카 요시츠구
1987,드라마,소형,26,0,110,101,83,87,85,95,114,122,127,130,112,117,김윤석|하정우|유해진|김태리|박희순|이희준
술꾼도시여자들,드라마,소형,25,0,140,102,113,145,113,94,58,61,77,120,109,81,이선빈|한선화|정은지|최시원
남상사,드라마,소형,25,0,49,79,80,168,308,447,29,35,46,63,104,153,증유진|엄자현|장헌유
그 후로 사랑은 계속된다,로맨스,소형,25,0,87,145,142,131,83,57,42,61,58,91,110,89,이치조 미오|하루히 에나
창피해,드라마,소형,25,0,114,120,77,96,97,85,70,93,80,122,211,269,김꽃비|김상현|김효진
창피해,로맨스,소형,25,0,114,120,77,96,97,85,70,93,80,122,211,269,김효진|김꽃비|김상현
"변태, 여직원 그리고 부장",로맨스,소형,25,0,113,147,132,125,84,62,59,70,63,94,119,86,시라토 하나|미야무|츠지 메아리
김창옥쇼 3,예능,소형,24,0,38,53,64,188,247,236,27,33,40,98,145,138,황제성|김지민|김창옥
나 혼자만 레벨업 -ARISE FROM THE SHADOW- (자막),애니메이션,소형,24,0,71,72,71,113,80,89,151,98,127,190,148,36,코바야시 치카히로|스와베 준이치|아오키 루리코|토미타 미유|반 타이토|나카무리 켄타|미카와 하루나|우에다 레이나|후루카와 마코토|긴가 반조|히라카와 다이스케|토치 히로키
신사의 품격,드라마,소형,24,0,90,134,111,117,95,85,30,68,100,105,88,61,김정난|윤진이|이종현|장동건|김하늘|김수로|김민종|이종혁|윤세아
메탈카드봇W,애니메이션,소형,24,0,65,26,118,178,45,51,164,39,99,205,63,32,장예나|서원석|양정화
마왕 이브로기아에게 몸을 바쳐라,애니메이션,소형,24,0,77,82,68,119,119,93,44,64,94,195,204,60,호리에 슌|사토 타쿠야
태평년,드라마,소형,23,0,26,63,75,106,303,649,15,40,60,65,151,416,백우|주우동|주아문|유호명
성한찬란,해외드라마,소형,23,0,77,89,77,181,274,294,31,36,37,71,109,121,오뢰|조로사
[감독판] 정사: 바람난 유부녀들,로맨스,소형,23,0,114,142,109,123,90,66,60,65,62,113,153,137,예다|석봉|하빈
이세계 유유자적 농가,애니메이션,소형,23,0,63,92,81,96,71,69,98,128,142,157,112,41,아베 아츠시|시모지 시노|스자키 아야
은하,로맨스,소형,22,0,115,120,103,136,112,78,62,73,66,98,136,175,이정진|임수향
환승연애,예능,소형,22,0,169,130,100,111,92,87,105,91,83,85,84,65,사이먼 도미닉|이용진|김예원|유라|고민영|선호민|이코코|윤정권|이혜선|김보현|곽민재|이주휘|정혜임|이상우
코미디숏리그,예능,소형,22,0,66,84,88,86,78,54,111,120,142,145,98,74,홍예슬|이승환|신윤승|박민성|이용진|남호연|황제성|설명근|곽범|이창호|임우일
명탐정 코난 Part3 (더빙),애니메이션,소형,22,0,176,203,107,99,102,78,83,93,59,56,61,32,김선혜|강수진|이정구|이현진|조동희
백수아파트,미스터리,소형,22,0,66,89,85,117,160,158,50,71,84,123,174,193,경수진|고규필|이지훈
일상의 관계,성인로맨스,소형,21,0,112,112,82,84,63,48,154,163,108,140,136,73,이수|김인애|유설영
후궁: 제왕의 첩,드라마,소형,21,0,86,130,129,125,84,78,84,99,75,89,101,83,조여정|김동욱|김민준
명탐정 코난：칠흑의 추적자 - 극장판 13기,애니메이션,소형,21,0,228,243,71,75,85,51,146,151,55,49,61,27,최재호|김선혜|이현진|이정구|조동희|황원|우정신|강수진
[무삭제판] 정사: 질투의 덫,로맨스,소형,21,0,137,152,107,122,88,62,73,73,62,103,134,114,은민|진우|민우|별이
이강에는 달이 흐른다,드라마,소형,21,0,119,107,103,151,182,167,41,47,54,92,114,103,강태오|김세정|이신영|홍수주|진구
프로보노,드라마,소형,20,0,54,65,80,174,199,158,42,41,56,108,146,103,정경호|소주연|윤나무|서혜원|강형석|이유영
보이스,범죄,소형,20,0,234,128,95,112,111,114,100,83,82,96,93,64,변요한|김무열|김희원|박명훈|이주영
보이스,공포(호러),소형,20,0,234,128,95,112,111,114,100,83,82,96,93,64,애슐리 벨|조던 래드|레슬리 이스터브룩
보이스,드라마,소형,20,0,234,128,95,112,111,114,100,83,82,96,93,64,권재환|오연아|김재욱|장혁|이하나|백성현|예성|손은서|조영진|이해영
엠티의 목적,드라마,소형,20,0,114,144,104,108,70,60,94,98,77,123,128,82,송은|한결
무명전설,예능,소형,20,0,36,75,96,101,241,594,28,51,76,72,102,233,한채영|양세형|아이비|홍현희|신유|임한별|강문경|손태진|장민호|김대호|남진|조항조|주현미|김진룡|김광규
Re:제로부터 시작하는 이세계 생활 감독판,미스터리(추리),소형,19,0,135,93,66,102,82,57,202,132,113,156,134,37,코바야시 유스케|타카하시 리에|우치야마 유미|미나세 이노리|무라카와 리에
일념관산,해외드라마,소형,19,0,55,68,78,198,252,289,27,39,43,79,124,173,류시시|류우녕
검색어를 입력하세요 WWW,드라마,소형,19,0,194,150,145,121,106,83,32,49,57,62,65,57,권해효|김남희|우지현|오아연|임수정|장기용|이다희|전혜진|이재욱|지승현
'파친코' - Pachinko 시즌1,해외드라마,소형,19,0,41,134,109,99,135,171,20,64,97,104,119,114,이민호|김민하|진하|소지 아라이|정인지|미나미 카호|안나 사웨이|지미 심슨|노상현|정은채|윤여정
효리네 민박 1,예능,소형,19,0,89,121,138,104,81,70,20,55,97,94,75,46,이상순|효리네|아이유|이지은|이효리
2026 롤랑가로스 Court.14 코트피드,,소형,18,0,24,55,78,95,117,123,45,80,109,154,198,236,
베테랑2,액션,소형,18,0,150,97,77,83,92,144,163,131,117,124,121,161,황정민|정해인|오달수
여름방학,예능,소형,18,0,37,86,151,131,106,89,16,38,91,111,87,54,정유미|최우식
명탐정 코난 15기 (더빙),애니메이션,소형,18,0,156,193,109,114,96,58,78,87,54,63,65,30,김선혜|강수진|이현진|이정구
짱구는 못말려 21,애니메이션,소형,18,0,276,215,103,83,66,41,103,102,64,69,49,24,박영남|강희선|김환진|여민정|정유미|정혜옥
출발! 비디오 여행,교양,소형,17,0,33,42,72,175,166,111,25,29,55,176,190,95,김경식|김초롱|서인|이철용|김재우
"점연아, 온난니 : 너는 나의 불꽃",드라마,소형,17,0,284,127,65,194,216,177,39,30,25,65,88,57,진비우|장정의
짱구는 못말려 20,애니메이션,소형,17,0,286,217,100,82,66,39,128,107,62,68,55,23,박영남|강희선|김환진|여민정|정유미|정혜옥
언터처블,액션,소형,17,0,40,66,59,104,154,196,35,56,76,170,249,257,빌리 드라고|패트리시아 클락슨|케빈 코스트너|로버트 드 니로|앤디 가르시아|숀 코네리|찰스 마틴 스미스|리차드 브래드포드|잭 케호|브래드 설리반
언터처블,드라마,소형,17,0,40,66,59,104,154,196,35,56,76,170,249,257,손종학|박원상|진경|임현성|배유람|이재원|박지환|박진우|경수진|지윤하|진구|김지훈|조재룡|김민상|김성균|고준희|정은지|박근형|최종원|예수정|신정근
기생충,드라마,소형,16,0,255,127,98,118,88,84,153,82,74,94,108,116,송강호|이선균|조여정|최우식|박소담|장혜진|이정은
파묘,미스터리,소형,16,0,152,112,101,93,82,97,135,100,120,123,96,106,최민식|김고은|유해진|이도현
개구리중사 케로로 TV시리즈 1기,애니메이션,소형,16,0,316,266,47,66,75,37,127,178,49,49,61,23,김기홍|양정화|이미자|정미숙|이동은|이인성|신용우|정혜옥|정유미
"미쿠, 나만의 그녀",로맨스,소형,16,0,86,163,150,127,82,60,43,51,50,84,112,82,아사기 타카히토|이토 치나미|와다 미사
명탐정 코난 Part2 (더빙),애니메이션,소형,16,0,204,204,98,99,93,63,86,95,63,63,63,31,강수진|김선혜|이정구|이현진
히든싱어 4,예능,소형,15,0,56,71,93,140,125,124,75,71,91,135,118,71,전현무
샤크：더 비기닝,액션,소형,15,0,75,77,77,106,114,121,102,92,111,154,158,139,김민석|위하준|정원창
샤크：더 비기닝,,소형,15,0,75,77,77,106,114,121,102,92,111,154,158,139,
빈센조,드라마,소형,15,0,87,77,90,138,126,124,69,55,84,140,137,75,윤병희|최영준|양경원|송중기|전여빈|택연(2PM)|유재명|김여진|곽동연|조한철
유요 : 요괴가 나타났다,드라마,소형,15,0,31,73,66,158,329,444,21,40,50,73,136,171,호단단|양택|류가기|류용용
형님아내3,로맨스,소형,15,0,89,124,109,115,78,59,59,78,73,130,171,105,안소희|상우|위지웅
도메스틱 그녀,애니메이션,소형,14,0,175,124,88,123,113,69,108,86,76,120,139,70,야시로 타쿠|히카사 요코. 우치다 마아야
장송의 프리렌 2기,애니메이션,소형,14,0,157,122,70,97,84,61,179,144,113,126,98,30,타네자키 아츠미|이치노세 카나|코바야시 치아키
천사의 사랑,드라마,소형,14,0,134,148,108,137,104,67,46,53,52,95,139,155,사사키 노조미|타니하라 쇼스케
아름다운 나의신부,드라마,소형,14,0,72,75,65,139,193,215,50,54,61,141,189,151,이재용|이승연|조한철|김성훈|김무열|이시영|고성희|류승수|박해준|손종학
명탐정 코난 11기 (자막),애니메이션,소형,13,0,104,154,122,136,115,72,56,66,61,67,59,30,카미야 아키라|야마자키 와카나|타카시마 가라|타카야마 미나미|시마모토 스미|하야시바라 메구미|이와이 유키코|타카기 와타루|오오타니 이쿠에|오가타 켄이치
궁,드라마,소형,13,0,335,182,149,84,99,74,31,48,66,47,57,36,이윤지|박찬환|윤은혜|주지훈|김정훈|송지효|윤유선|김혜자|심혜진
궁,드라마,소형,13,0,335,182,149,84,99,74,31,48,66,47,57,36,천샤오|조우 동유|조려영
궁,로맨스,소형,13,0,335,182,149,84,99,74,31,48,66,47,57,36,주동우|진효
폭군의 셰프,드라마,소형,13,0,111,89,98,151,150,140,55,46,70,112,111,75,임윤아|이채민|강한나|최귀화
연심,드라마,소형,13,0,83,91,70,197,302,377,22,38,35,56,92,75,조영박|능미사|고천니|이풍
"색, 계",드라마,소형,13,0,77,83,90,144,143,134,60,61,56,111,216,293,조안 첸|양조위|왕리홍|탕웨이
"색, 계",드라마,소형,13,0,77,83,90,144,143,134,60,61,56,111,216,293,양조위|탕웨이
피의게임 시즌3,예능,소형,12,0,69,124,136,87,67,75,48,92,129,96,58,40,임현서|최혜선|악어|김민아|스티브예|김영광|이지나|주언규|엠제이킴|허성범|시윤|장동민|홍진호|김경란|빠니보틀|충주맨|서출구|유리사
더치스 : 복수의 화신,액션,소형,12,0,49,89,73,69,158,256,25,75,73,101,267,686,샬롯 커크|필립 윈체스터|콜름 미니
어서 오세요 실력 지상주의 교실에 4th Season 2학년 편 1학기,애니메이션,소형,12,0,117,93,49,104,107,83,214,171,114,140,132,45,치바 쇼야|히다카 리나|키토 아카리
짱구는 못말려 23,애니메이션,소형,12,0,237,194,112,90,65,55,111,93,69,69,51,33,박영남|강희선|김환진|여민정|정유미|정혜옥
명탐정코난 세기말의 마술사,애니메이션,소형,12,0,211,202,84,89,83,60,135,135,69,65,65,34,김선혜|강수진|신용우|이현진
명탐정코난 세기말의 마술사,애니메이션,소형,12,0,211,202,84,89,83,60,135,135,69,65,65,34,타카야마 미나미|야마자키 와카나|카미야 아키라|야마구치 캇페이
짱구는 못말려 15,애니메이션,소형,11,0,287,218,88,84,69,49,140,119,58,66,59,33,박영남|강희선|김환진|여민정|정유미|정혜옥
명탐정 코난 : 14번째 표적 - 극장판 2기,애니메이션,소형,11,0,185,230,77,76,82,71,123,148,65,58,68,32,타카야마 미나미|야마구치 캇페이|야마자키 와카나|카미야 아키라
명탐정 코난 : 14번째 표적 - 극장판 2기,애니메이션,소형,11,0,185,230,77,76,82,71,123,148,65,58,68,32,김선혜|강수진|이현진|이정구|조동희|서윤선|여민정
여배우는 너무해,로맨스,소형,11,0,130,139,92,102,85,84,55,80,77,110,158,197,차예련|조현재
아내의유혹 - 데릴사위,로맨스,소형,11,0,99,131,112,146,101,69,45,50,47,112,165,135,코토이 시오리|마키 료코
신서유기 외전 강식당 2,예능,소형,10,0,170,176,124,69,61,45,72,97,111,65,48,26,강호동|이수근|은지원|피오|송민호|안재현
우리들의 블루스,드라마,소형,10,0,98,77,96,151,141,116,61,47,71,116,132,80,고두심|엄정화|박지환|이병헌|신민아|차승원|이정은|한지민|김우빈|김혜자
멜로가 체질,드라마,소형,10,0,102,107,94,159,144,104,38,49,58,93,122,65,천우희|전여빈|한지은|안재홍|공명|윤지온|이유진|이주빈
샤크 : 더 스톰,드라마,소형,10,0,90,65,72,125,116,140,98,88,107,168,158,87,김민석|이현욱|배명진|이정현|박진
검법남녀,드라마,소형,9,0,73,77,80,145,167,174,30,50,72,139,173,126,정재영|정유미|스테파니 리|박은석|이이경
여진장안,드라마,소형,9,0,57,84,77,174,272,366,18,37,43,66,115,190,송일|승뢰|필문군
운수 오진 날,드라마,소형,9,0,64,87,99,139,154,157,54,72,90,124,138,115,이성민|유연석|이정은
욕망: 소원을 말해봐,로맨스,소형,9,0,130,153,115,121,80,54,64,66,65,112,127,86,하연|수지
타짜,드라마,소형,9,0,104,99,70,63,60,66,191,197,142,134,123,141,조승우|김혜수|백윤식|유해진
뉴스 와이드,교양,소형,9,0,25,48,61,116,191,253,20,40,59,126,238,421,김은미
간기남,스릴러,소형,8,0,65,108,77,71,65,62,147,229,122,115,111,76,박희순|박시연|주상욱|김정태|이한위
간기남,코미디,소형,8,0,65,108,77,71,65,62,147,229,122,115,111,76,박희순|박시연|주상욱
본 대로 말하라,드라마,소형,8,0,60,81,82,142,205,205,42,55,66,116,171,167,하성광|SIC(몬스터즈)|신수호|유희제|장혁|수영|진서연|장현성|류승수|이시원
서프라이즈 미스터리 살롱,예능,소형,8,0,27,50,86,173,175,181,28,36,72,153,140,92,이찬원|곽범|박소영
나 혼자만 레벨업 (더빙),애니메이션,소형,8,0,39,68,84,147,108,76,91,69,99,174,131,38,송하림|장서화|민승우|심규혁|신나리|유영|신범식|송준석|정재헌|한복현
각본을 찢어라,디지털오리지널,소형,7,0,50,46,75,108,87,116,173,91,101,190,151,174,킬리안 음바페|엘링 홀란드|크리스티안 호날두|비니시우스 주니어
몬스터,드라마,소형,7,0,67,82,74,115,157,131,53,75,92,156,189,175,권율|김재경|안용준|지일주
몬스터,드라마,소형,7,0,67,82,74,115,157,131,53,75,92,156,189,175,샤를리즈 테론|크리스티나 리치
몬스터,드라마,소형,7,0,67,82,74,115,157,131,53,75,92,156,189,175,슈리|제시|후루타 아라타
몬스터,드라마,소형,7,0,67,82,74,115,157,131,53,75,92,156,189,175,타카오카 사키|가토 마사야
몬스터,스릴러,소형,7,0,67,82,74,115,157,131,53,75,92,156,189,175,이민기|김고은|김뢰하
명탐정 코난 5기 (자막),애니메이션,소형,7,0,146,162,114,123,108,87,68,80,63,61,63,31,타카야마 미나미|하야시바라 메구미|야마구치 캇페이
너자2,애니메이션,소형,7,0,100,67,63,121,117,112,115,73,86,187,219,85,정지소|조병규|손현주
너자2,애니메이션,소형,7,0,100,67,63,121,117,112,115,73,86,187,219,85,루얀팅|한모|조셉 카오
귀멸의 칼날: 합동 강화 훈련편 (자막),애니메이션,소형,7,0,138,131,91,118,76,58,122,108,93,128,81,34,하나에 나츠키|키토 아카리|시모노 히로|마츠오카 요시츠구
월린기기,드라마,소형,6,0,69,79,72,145,293,466,14,43,51,77,145,194,쥐징이|증순희|전두링|전가서
장풍도 : 운명의 바람,해외드라마,소형,6,0,50,72,67,168,304,440,27,38,46,70,122,208,백경정|송일|류학의|장호유|장예|조자기
신서유기 스페셜 스프링 캠프,예능,소형,6,0,90,137,133,85,63,51,53,95,126,80,49,33,강호동|이수근|은지원|안재현|규현|송민호|피오
명탐정 코난 3기 (자막),애니메이션,소형,6,0,188,203,107,94,93,61,90,99,62,59,67,31,타카야마 미나미|하야시바라 메구미|야마구치 캇페이
오 나의 귀신님,드라마,소형,6,0,140,111,107,136,126,109,70,60,69,97,101,74,박정아|이대연|이정은|강기영|최민철|곽시양|조정석|박보영|임주환|김슬기
오 나의 귀신님,드라마,소형,6,0,140,111,107,136,126,109,70,60,69,97,101,74,박보영|조정석|김슬기|곽시양|임주환|박정아
명탐정 코난：천국으로의 카운트다운 - 극장판 5기,애니메이션,소형,5,0,188,258,69,67,81,56,149,156,60,47,55,25,김선혜|강수진|이정구|이현진
간첩사냥,코미디,소형,5,0,50,96,61,86,177,179,37,80,67,121,279,308,박세진|민경진|허준석
허아요안,드라마,소형,5,0,172,123,77,181,253,230,32,38,31,56,84,64,진위정|조로사|만붕|관재정
헌어,드라마,소형,5,0,73,87,78,210,263,287,24,30,34,67,100,104,진비우|왕영로|왕혁정
2026 롤랑가로스 월드피드,스포츠,소형,4,0,21,55,76,100,120,143,39,75,108,150,200,227,
명탐정 코난 미공개 X파일 2 (자막),애니메이션,소형,4,0,159,195,109,110,107,65,67,88,53,55,65,34,타카야마 미나미|야마구치 캇페이|야마자키 와카나|카미야 아키라
쌍화점,드라마,소형,4,0,80,105,101,142,117,99,61,77,64,105,177,175,조인성|주진모|송지효
내 새끼의 연애 2,예능,소형,4,0,326,120,84,118,91,106,205,98,73,95,84,51,이재승|신태용|신재혁|박남정|박시우|이성미|조은별|최재원|최유빈|김성주|이종혁|윤민수|윤후|이문식
행복,드라마,소형,4,0,107,108,85,100,132,197,68,82,77,102,159,331,황정민|임수정|김기천|유승목|공효진|류승수|박인환|신신애
행복,드라마,소형,4,0,107,108,85,100,132,197,68,82,77,102,159,331,장-클로드 드로우트|클레어 드로우트
명탐정 코난 2024 (자막),애니메이션,소형,3,0,133,174,121,109,109,64,52,78,67,68,66,34,타카야마 미나미|하야시바라 메구미|야마구치 캇페이
터무니없는 스킬로 이세계 방랑 밥,애니메이션,소형,3,0,77,97,101,134,91,67,76,82,99,138,102,38,무코다 츠요시|페르|스이|닌릴
스페인 하숙,예능,소형,3,0,45,86,124,116,101,87,41,55,112,130,95,48,차승원|유해진|배정남
마담 뺑덕,드라마,소형,3,0,82,108,101,131,97,73,63,86,73,119,161,156,정우성|이솜
명탐정 코난 : 미궁의 십자로 - 극장판 7기,애니메이션,소형,3,0,232,214,77,92,81,60,125,126,66,64,66,24,타카야마 미나미|카미야 아키라
명탐정 코난 : 미궁의 십자로 - 극장판 7기,애니메이션,소형,3,0,232,214,77,92,81,60,125,126,66,64,66,24,김선혜|한인숙|이용신|황원|우정신|강수진|이현진|최재호|한신정|이정구|정유정|여민정|정선혜
이애위영: 사랑도 경영이 되나요,해외드라마,소형,2,0,142,102,74,214,239,214,35,40,31,65,88,65,왕학체|백록
히든싱어 2,음악,소형,2,0,62,75,94,143,131,113,77,62,93,136,110,61,전현무
호텔 델루나,드라마,소형,2,0,149,84,101,152,134,106,69,48,67,113,111,54,배해선|피오|조현철|강홍석|이도현|이태선|아이유|여진구|신정근|서이숙
용왕령,드라마,소형,2,0,40,79,82,139,299,522,22,46,57,66,116,207,이목신|엽성가|관력
[극장판] 짱구는 못말려 29기 - 수수께끼! 꽃피는 천하떡잎학교,애니메이션,소형,1,0,229,178,99,102,56,52,116,108,82,97,51,28,박영남|김환진|강희선|여민정
주술회전 2기 : 회옥 · 옥절,애니메이션,소형,1,0,236,118,72,146,63,56,242,102,75,138,79,28,나카무라 유이치|사쿠라이 타카히로
명탐정 코난 16기 (더빙),애니메이션,소형,1,0,171,210,104,111,94,58,82,88,50,60,66,30,김선혜|강수진|이정구|이현진
오타쿠에게 상냥한 갸루는 없다?!,애니메이션,소형,1,0,157,118,71,94,94,68,278,147,109,118,101,37,코무라 쇼|이나가키 코노미|세리자와 유우
2026 롤랑가로스 S.Lenglen 코트피드,스포츠,소형,1,0,22,54,76,98,121,137,42,81,104,150,201,230,
명탐정 코난：눈동자 속의 암살자 - 극장판 4기,애니메이션,소형,0,0,201,244,74,81,78,57,142,143,58,54,59,20,김선혜|이현진|이정구|조동희
[무삭제판] 만지지 마세요 코테사시군,애니메이션,소형,0,0,160,122,75,101,93,72,160,124,96,133,136,59,스구타 히나|세리자와 유우|아이자와 사야|무라카미 마나츠|아오키 루리코
너무 야한 후카미군,애니메이션,소형,0,0,272,152,97,164,147,78,82,49,36,77,102,45,챠스케|마시멜로 야키타로
